CODONS,TTT,TTC,TTA,TTG,CTT,CTC,CTA,CTG,ATT,ATC,ATA,ATG,GTT,GTC,GTA,GTG,TCT,TCC,TCA,TCG,AGT,AGC,CCT,CCC,CCA,CCG,ACT,ACC,ACA,ACG,GCT,GCC,GCA,GCG,TAT,TAC,CAT,CAC,CAA,CAG,AAT,AAC,AAA,AAG,GAT,GAC,GAA,GAG,TGT,TGC,TGA,TGG,CGT,CGC,CGA,CGG,GGT,GGC,GGA,GGG
Pama pama,0.97,1.03,1.06,0.11,1.28,1.56,1.73,0.25,1.14,0.86,1.56,0.44,0.95,0.95,1.54,0.56,0.75,2.24,1.59,0.12,0.25,1.05,0.85,1.69,1.33,0.13,0.62,1.79,1.53,0.06,0.77,1.94,1.21,0.08,1.04,0.96,0.5,1.5,1.85,0.15,0.69,1.31,1.95,0.05,0.63,1.37,1.68,0.32,0.77,1.23,1.81,0.19,0.37,0.68,2.63,0.32,0.81,1.45,1.18,0.57
Argyrosomus japonicus,0.85,1.15,0.64,0.17,1.33,1.86,1.44,0.56,1.09,0.91,0.99,1.01,0.97,1.43,1.1,0.5,0.71,2.22,1.53,0.26,0.37,0.9,0.98,2.1,0.71,0.22,0.61,1.68,1.55,0.17,0.54,2.26,1.03,0.16,0.85,1.15,0.3,1.7,1.73,0.27,0.55,1.45,1.73,0.27,0.45,1.55,1.29,0.71,0.42,1.58,1.67,0.33,0.46,0.91,1.97,0.66,0.57,1.82,0.86,0.75
Argyrosomus amoyensis,0.85,1.15,0.63,0.2,1.28,1.9,1.44,0.54,1.08,0.92,0.97,1.03,1.01,1.37,1.11,0.51,0.74,2.18,1.57,0.24,0.37,0.9,0.91,2.18,0.69,0.22,0.61,1.69,1.52,0.18,0.58,2.22,1.04,0.16,0.84,1.16,0.36,1.64,1.67,0.33,0.55,1.45,1.73,0.27,0.48,1.52,1.29,0.71,0.4,1.6,1.67,0.33,0.41,0.91,2.13,0.56,0.6,1.83,0.85,0.72
Johnius belangerii,1.71,0.29,1.64,1.12,2.24,0.31,0.35,0.34,1.75,0.25,0.91,1.09,1.96,0.35,0.97,0.72,2.34,0.39,0.97,0.58,1.37,0.35,2.2,0.53,0.61,0.67,1.77,0.42,1.22,0.59,2.1,0.47,0.81,0.62,1.69,0.31,1.72,0.28,0.97,1.03,1.67,0.33,1.21,0.79,1.67,0.33,0.79,1.21,1.88,0.12,1.21,0.79,1.4,0.2,1.5,0.9,1.7,0.74,0.31,1.25
Johnius borneensis,1.51,0.49,1.58,0.82,2.39,0.34,0.49,0.38,1.7,0.3,0.88,1.12,2.02,0.49,0.87,0.62,1.98,0.68,1.23,0.56,1.14,0.41,2.24,0.75,0.57,0.44,1.91,0.54,1.14,0.41,2,0.55,0.8,0.64,1.29,0.71,1.48,0.52,1.09,0.91,1.5,0.5,1.32,0.68,1.41,0.59,1.07,0.93,1.69,0.31,1.27,0.73,1.37,0.35,1.57,0.71,1.5,0.54,0.69,1.28
Johnius carouna,1.72,0.28,1.82,1.07,2.22,0.36,0.27,0.27,1.74,0.26,0.78,1.22,1.89,0.4,0.76,0.95,2.36,0.39,1,0.61,1.34,0.3,2.2,0.58,0.72,0.5,1.77,0.48,1.12,0.63,1.9,0.57,0.85,0.68,1.56,0.44,1.77,0.23,1.08,0.92,1.68,0.32,1.18,0.82,1.45,0.55,1.03,0.97,1.52,0.48,1.23,0.77,0.95,0.2,1.4,1.45,1.59,0.6,0.47,1.33
Johnius grypotus,1.58,0.42,1.73,0.97,2.19,0.33,0.44,0.35,1.71,0.29,0.91,1.09,1.74,0.4,1.09,0.76,2.17,0.41,1.1,0.52,1.44,0.37,2.16,0.5,0.69,0.65,1.78,0.32,1.2,0.7,2.05,0.52,0.82,0.61,1.41,0.59,1.6,0.4,1,1,1.63,0.37,1.08,0.92,1.6,0.4,0.91,1.09,1.72,0.28,1.23,0.77,1.28,0.1,1.68,0.94,1.78,0.53,0.61,1.09
Chrysochir aureus,0.75,1.25,0.49,0.22,1.31,1.89,1.53,0.56,1.03,0.97,1.15,0.85,0.82,1.44,1.09,0.65,0.84,2.24,1.29,0.24,0.29,1.11,0.87,2.23,0.81,0.09,0.56,1.99,1.32,0.13,0.48,2.24,1.17,0.1,0.66,1.34,0.54,1.46,1.73,0.27,0.54,1.46,1.68,0.32,0.4,1.6,1.63,0.37,0.33,1.67,1.72,0.28,0.43,0.91,2.29,0.37,0.49,1.81,1.07,0.63
Otolithes ruber,0.94,1.06,0.91,0.14,1.5,1.67,1.37,0.42,1.33,0.67,1.49,0.51,1.02,1.16,1.34,0.48,0.83,1.94,1.73,0.16,0.34,1.01,1.09,1.74,0.96,0.22,0.88,1.61,1.36,0.15,0.84,1.89,1.09,0.18,0.95,1.05,0.65,1.35,1.69,0.31,0.86,1.14,1.87,0.13,0.57,1.43,1.6,0.4,0.9,1.1,1.61,0.39,0.59,0.98,2.1,0.34,0.81,1.45,1.01,0.73
Pennahia argentata,0.87,1.13,0.8,0.18,1.36,1.59,1.52,0.55,1.25,0.75,1.19,0.81,1.02,1.41,1.2,0.37,1,2.11,1.61,0.25,0.42,0.61,1.02,1.96,0.9,0.12,0.68,1.79,1.38,0.15,0.73,1.97,1.1,0.19,0.75,1.25,0.55,1.45,1.68,0.32,0.49,1.51,1.67,0.33,0.49,1.51,1.54,0.46,0.48,1.52,1.8,0.2,0.68,0.86,1.91,0.55,0.65,1.52,1.14,0.69
Pennahia pawak,1.05,0.95,0.85,0.24,1.52,1.52,1.48,0.39,1.29,0.71,1.23,0.77,1.14,1.18,1.31,0.37,0.8,2.17,1.45,0.25,0.4,0.93,1.11,1.76,1.04,0.09,0.9,1.58,1.44,0.08,0.71,1.96,1.17,0.16,0.84,1.16,0.43,1.57,1.66,0.34,0.56,1.44,1.79,0.21,0.45,1.55,1.61,0.39,0.56,1.44,1.73,0.27,0.46,1.08,2.31,0.15,0.69,1.46,1.03,0.81
Pennahia macrocephalus,0.71,1.29,0.62,0.16,1.29,1.92,1.65,0.36,1.08,0.92,1.24,0.76,1.18,1.31,1.02,0.48,0.71,2.06,1.68,0.18,0.36,1.02,0.65,2.27,0.94,0.14,0.57,1.83,1.45,0.15,0.66,1.98,1.17,0.18,0.62,1.38,0.35,1.65,1.77,0.23,0.45,1.55,1.74,0.26,0.62,1.38,1.55,0.45,0.37,1.63,1.76,0.24,0.51,1.03,2.15,0.31,0.61,1.72,1.1,0.57
Sciaenops ocellatus,0.79,1.21,0.65,0.18,1.37,1.83,1.56,0.4,1.13,0.87,1.01,0.99,1,1.5,1.1,0.4,0.66,2.32,1.53,0.16,0.32,1.03,1.06,1.8,0.86,0.27,0.56,1.8,1.48,0.15,0.53,2.2,1.09,0.17,0.83,1.17,0.52,1.48,1.8,0.2,0.68,1.32,1.67,0.33,0.55,1.45,1.46,0.54,0.56,1.44,1.75,0.25,0.51,1.01,1.82,0.66,0.59,1.65,1.13,0.64
Pseudotolithus elongatus,0.91,1.09,0.61,0.18,1.27,1.87,1.68,0.4,1.11,0.89,1.12,0.88,0.88,1.46,1.28,0.38,1.06,1.96,1.62,0.08,0.18,1.11,0.83,1.92,0.98,0.27,0.67,1.76,1.45,0.12,0.62,2.12,1.16,0.09,0.75,1.25,0.39,1.61,1.69,0.31,0.47,1.53,1.81,0.19,0.55,1.45,1.59,0.41,0.56,1.44,1.68,0.32,0.36,0.73,2.49,0.42,0.52,1.77,1.13,0.57
Pseudotolithus typus,0.73,1.27,0.67,0.13,1.21,2.03,1.46,0.5,1.08,0.92,1.07,0.93,1.11,1.28,1.09,0.52,0.77,2.2,1.48,0.18,0.36,1.02,0.75,2.15,0.93,0.16,0.58,1.89,1.32,0.21,0.7,2.1,1.04,0.16,0.74,1.26,0.42,1.58,1.67,0.33,0.32,1.68,1.65,0.35,0.43,1.57,1.53,0.47,0.24,1.76,1.72,0.28,0.35,1,2.4,0.25,0.44,1.89,0.88,0.8
Nibea albiflora,0.85,1.15,0.58,0.15,1.41,1.84,1.43,0.59,1.07,0.93,1.1,0.9,1.15,1.41,0.93,0.51,0.83,2.2,1.24,0.36,0.26,1.11,1.12,1.96,0.77,0.14,0.55,1.88,1.29,0.29,0.54,2.13,1.13,0.21,0.73,1.27,0.52,1.48,1.6,0.4,0.73,1.27,1.73,0.27,0.69,1.31,1.5,0.5,0.59,1.41,1.67,0.33,0.66,0.81,2.18,0.35,0.57,1.58,1.15,0.7
Nibea coibor,0.76,1.24,0.49,0.22,1.3,1.88,1.52,0.58,1.02,0.98,1.16,0.84,0.82,1.44,1.07,0.67,0.85,2.25,1.3,0.24,0.26,1.11,0.88,2.25,0.8,0.07,0.55,1.99,1.32,0.14,0.48,2.24,1.17,0.1,0.66,1.34,0.54,1.46,1.79,0.21,0.52,1.48,1.68,0.32,0.41,1.59,1.63,0.37,0.28,1.72,1.72,0.28,0.47,0.89,2.26,0.37,0.49,1.82,1.07,0.62
Nibea miichthioides,0.85,1.15,0.63,0.2,1.29,1.9,1.44,0.54,1.07,0.93,0.98,1.02,1.02,1.35,1.12,0.51,0.74,2.18,1.57,0.24,0.37,0.9,0.89,2.2,0.69,0.22,0.61,1.7,1.51,0.18,0.58,2.23,1.03,0.16,0.82,1.18,0.34,1.66,1.69,0.31,0.55,1.45,1.73,0.27,0.48,1.52,1.27,0.73,0.4,1.6,1.67,0.33,0.41,0.91,2.13,0.56,0.62,1.81,0.88,0.69
Nibea mitsukurii,0.77,1.23,0.62,0.18,1.48,1.78,1.38,0.56,1.03,0.97,1.08,0.92,1.2,1.29,0.95,0.56,0.9,2.16,1.21,0.33,0.23,1.16,1.01,2.01,0.78,0.2,0.6,1.93,1.26,0.22,0.57,2.06,1.14,0.24,0.79,1.21,0.63,1.37,1.56,0.44,0.62,1.38,1.75,0.25,0.59,1.41,1.45,0.55,0.59,1.41,1.6,0.4,0.56,0.87,2.1,0.46,0.61,1.5,1.12,0.77
Collichthys niveatus,0.87,1.13,0.5,0.17,1.11,1.99,1.62,0.61,0.92,1.08,1.22,0.78,1.18,1.18,1.06,0.59,0.85,1.76,1.79,0.21,0.27,1.12,0.83,2.31,0.79,0.07,0.68,1.76,1.4,0.16,0.65,2.11,1.08,0.16,0.87,1.13,0.52,1.48,1.82,0.18,0.54,1.46,1.75,0.25,0.57,1.43,1.47,0.53,0.53,1.47,1.67,0.33,0.41,0.92,2.15,0.51,0.46,1.81,1.19,0.54
Collichthys lucidus,0.87,1.13,0.76,0.18,1.29,1.75,1.59,0.44,1.16,0.84,1.19,0.81,1.02,1.37,1.14,0.48,0.97,1.75,1.67,0.32,0.24,1.05,0.68,2.35,0.89,0.09,0.8,1.62,1.51,0.08,0.7,2.07,1.09,0.14,0.73,1.27,0.54,1.46,1.86,0.14,0.7,1.3,1.82,0.18,0.72,1.28,1.63,0.37,0.47,1.53,1.77,0.23,0.46,0.81,2.38,0.35,0.51,1.75,1.13,0.61
Larimichthys crocea,0.77,1.23,0.8,0.18,1.11,1.89,1.5,0.52,1.06,0.94,1.14,0.86,1.26,1.28,0.91,0.55,0.91,1.97,1.55,0.24,0.16,1.17,1.09,1.98,0.77,0.16,0.65,1.76,1.5,0.09,0.8,1.96,1.06,0.18,0.94,1.06,0.55,1.45,1.73,0.27,0.75,1.25,1.71,0.29,0.59,1.41,1.4,0.6,0.44,1.56,1.68,0.32,0.51,0.87,2.21,0.41,0.56,1.77,0.94,0.73
Larimichthys polyactis,0.87,1.13,0.49,0.18,1.11,1.99,1.66,0.57,0.91,1.09,1.23,0.77,1.21,1.17,1.05,0.57,0.86,1.75,1.8,0.22,0.27,1.1,0.82,2.3,0.8,0.07,0.68,1.77,1.39,0.16,0.67,2.08,1.08,0.16,0.85,1.15,0.52,1.48,1.8,0.2,0.55,1.45,1.75,0.25,0.56,1.44,1.42,0.58,0.58,1.42,1.75,0.25,0.41,0.92,2.15,0.51,0.43,1.84,1.14,0.59
Bahaba taipingensis,0.73,1.27,0.58,0.21,1.33,2.01,1.55,0.32,1,1,1.3,0.7,1.01,1.52,1.13,0.33,0.71,2.19,1.59,0.16,0.32,1.03,0.92,2.06,0.82,0.2,0.5,1.88,1.45,0.17,0.68,2.1,1.11,0.11,0.73,1.27,0.54,1.46,1.72,0.28,0.5,1.5,1.81,0.19,0.48,1.52,1.54,0.46,0.54,1.46,1.67,0.33,0.41,1.03,2.31,0.26,0.53,1.62,1.11,0.74
Atrobucca nibe,0.83,1.17,0.62,0.21,1.2,2,1.49,0.48,1,1,1.17,0.83,1.13,1.45,0.87,0.55,0.68,2.07,1.44,0.37,0.31,1.13,0.7,2.41,0.73,0.16,0.54,1.95,1.33,0.18,0.62,2.04,1.15,0.19,0.71,1.29,0.41,1.59,1.69,0.31,0.65,1.35,1.76,0.24,0.67,1.33,1.45,0.55,0.56,1.44,1.66,0.34,0.42,1.04,2.34,0.21,0.47,1.7,1.05,0.78
Micropogonias furnieri,0.85,1.15,0.74,0.13,1.44,1.69,1.6,0.4,1.16,0.84,1.07,0.93,1.13,1.37,1.06,0.44,0.92,2.01,1.41,0.24,0.33,1.09,0.83,2.16,0.88,0.13,0.57,1.78,1.49,0.16,0.68,2.09,1.07,0.16,0.85,1.15,0.41,1.59,1.66,0.34,0.57,1.43,1.56,0.44,0.35,1.65,1.39,0.61,0.23,1.77,1.8,0.2,0.51,0.92,1.95,0.62,0.65,1.66,1.12,0.57
Aplodinotus grunniens,0.87,1.13,0.69,0.17,1.29,1.89,1.66,0.3,1.02,0.98,1.18,0.82,1.01,1.27,1.22,0.49,0.69,1.93,1.73,0.09,0.32,1.24,0.8,2.03,1.11,0.06,0.66,1.77,1.51,0.07,0.77,2.01,1.16,0.07,0.84,1.16,0.37,1.63,1.82,0.18,0.67,1.33,1.88,0.12,0.56,1.44,1.57,0.43,0.48,1.52,1.76,0.24,0.51,0.8,2.46,0.23,0.51,1.65,1.17,0.66
Miichthys miiuy,0.69,1.31,0.59,0.19,1.24,1.96,1.55,0.47,0.91,1.09,1.2,0.8,0.85,1.67,0.99,0.49,0.69,2.22,1.56,0.16,0.37,1,0.53,2.47,0.82,0.18,0.54,1.9,1.4,0.16,0.59,2.27,1.04,0.09,0.56,1.44,0.46,1.54,1.76,0.24,0.41,1.59,1.89,0.11,0.34,1.66,1.41,0.59,0.52,1.48,1.77,0.23,0.46,0.92,2.1,0.51,0.32,2.01,0.91,0.76
Dendrophysa russelii,0.74,1.26,0.59,0.23,1.43,1.68,1.63,0.44,1.14,0.86,1.09,0.91,1.13,1.36,1.09,0.42,1.22,1.67,1.44,0.35,0.37,0.95,0.78,2.03,1.01,0.18,0.66,1.69,1.51,0.14,0.63,2.09,1.21,0.07,0.8,1.2,0.38,1.62,1.76,0.24,0.52,1.48,1.69,0.31,0.47,1.53,1.61,0.39,0.5,1.5,1.73,0.27,0.77,0.62,2.21,0.41,0.61,1.66,1.23,0.49
